{"images/.DS_Store":["images/.DS_Store"],"images/helpAr13.png":["images/helpAr13.png"],"images/helpAr23.png":["images/helpAr23.png"],"images/helpAr33.png":["images/helpAr33.png"],"images/helpDoc.docx":["images/helpDoc.docx"],"images/helpDoc1.docx":["images/helpDoc1.docx"],"images/helpEn13.png":["images/helpEn13.png"],"images/helpEn23.png":["images/helpEn23.png"],"images/helpEn33.png":["images/helpEn33.png"],"images/helpFa13.png":["images/helpFa13.png"],"images/helpFa23.png":["images/helpFa23.png"],"images/helpFa33.png":["images/helpFa33.png"],"packages/cupertino_icons/assets/CupertinoIcons.ttf":["packages/cupertino_icons/assets/CupertinoIcons.ttf"]}